numero_semana;data_inicio;data_fim;qtd_navios;media_tempo_espera
1;01/01/2024;07/01/2024;44;2,45
2;08/01/2024;14/01/2024;34;2,0
3;15/01/2024;21/01/2024;22;2,85
4;22/01/2024;28/01/2024;60;3,76
5;29/01/2024;04/02/2024;41;3,68
6;05/02/2024;11/02/2024;40;5,69
7;12/02/2024;18/02/2024;44;4,96
8;19/02/2024;25/02/2024;36;3,98
9;26/02/2024;03/03/2024;32;4,47
10;04/03/2024;10/03/2024;48;4,68
11;11/03/2024;17/03/2024;46;4,63
12;18/03/2024;24/03/2024;41;3,87
13;25/03/2024;31/03/2024;33;3,7
14;01/04/2024;07/04/2024;26;2,36
15;08/04/2024;14/04/2024;37;3,17
16;15/04/2024;21/04/2024;34;1,94
17;22/04/2024;28/04/2024;44;3,04
18;29/04/2024;05/05/2024;34;3,91
19;06/05/2024;12/05/2024;41;2,29
20;13/05/2024;19/05/2024;39;3,27
21;20/05/2024;26/05/2024;43;4,01
22;27/05/2024;02/06/2024;47;4,5
23;03/06/2024;09/06/2024;58;4,05
24;10/06/2024;16/06/2024;45;3,37
25;17/06/2024;23/06/2024;32;3,61
26;24/06/2024;30/06/2024;54;3,03
27;01/07/2024;07/07/2024;51;4,36
28;08/07/2024;14/07/2024;37;4,13
29;15/07/2024;21/07/2024;39;2,46
30;22/07/2024;28/07/2024;41;3,82
31;29/07/2024;04/08/2024;49;4,87
32;05/08/2024;11/08/2024;41;4,25
33;12/08/2024;18/08/2024;36;3,29
34;19/08/2024;25/08/2024;49;4,4
35;26/08/2024;01/09/2024;51;1,76
36;02/09/2024;08/09/2024;53;3,18
37;09/09/2024;15/09/2024;52;4,23
38;16/09/2024;22/09/2024;35;4,22
39;23/09/2024;29/09/2024;60;2,82
40;30/09/2024;06/10/2024;52;4,39
41;07/10/2024;13/10/2024;32;4,6
42;14/10/2024;20/10/2024;41;3,72
43;21/10/2024;27/10/2024;44;2,64
44;28/10/2024;03/11/2024;43;2,64
45;04/11/2024;10/11/2024;32;3,2
46;11/11/2024;17/11/2024;60;3,0
47;18/11/2024;24/11/2024;44;2,19
48;25/11/2024;01/12/2024;41;2,86
49;02/12/2024;08/12/2024;43;2,84
50;09/12/2024;15/12/2024;37;2,84
51;16/12/2024;22/12/2024;45;2,65
52;23/12/2024;29/12/2024;34;1,97
53;30/12/2024;05/01/2025;35;2,22
54;06/01/2025;12/01/2025;33;2,99
55;13/01/2025;19/01/2025;43;2,51
56;20/01/2025;26/01/2025;32;3,11
57;27/01/2025;02/02/2025;36;3,48
58;03/02/2025;09/02/2025;37;4,19
59;10/02/2025;16/02/2025;44;3,04
60;17/02/2025;23/02/2025;49;4,37
61;24/02/2025;02/03/2025;47;3,91
62;03/03/2025;09/03/2025;38;4,34
63;10/03/2025;16/03/2025;45;2,7
64;17/03/2025;23/03/2025;34;4,29
65;24/03/2025;30/03/2025;44;3,56
66;31/03/2025;06/04/2025;29;3,38
67;07/04/2025;13/04/2025;43;3,51
68;15/04/2025;20/04/2025;42;3,73
69;21/04/2025;27/04/2025;52;3,32
70;28/04/2025;04/05/2025;41;4,03
71;05/05/2025;11/05/2025;48;3,11
72;12/05/2025;18/05/2025;49;2,92
73;19/05/2025;25/05/2025;53;4,23
74;26/05/2025;01/06/2025;43;2,7
75;02/06/2025;08/06/2025;47;2,82
76;09/06/2025;15/06/2025;44;4,13
77;16/06/2025;22/06/2025;56;3,39
78;23/06/2025;29/06/2025;46;3,47
79;30/06/2025;06/07/2025;53;5,15
80;07/07/2025;13/07/2025;47;4,43
81;14/07/2025;20/07/2025;51;3,47
82;21/07/2025;27/07/2025;52;3,22
83;28/07/2025;03/08/2025;31;3,57
84;04/08/2025;10/08/2025;43;2,91
85;11/08/2025;17/08/2025;41;3,4
86;18/08/2025;23/08/2025;33;3,3
87;25/08/2025;31/08/2025;66;3,65
88;01/09/2025;07/09/2025;33;3,84
89;08/09/2025;14/09/2025;36;3,62
90;15/09/2025;21/09/2025;51;3,3
91;22/09/2025;28/09/2025;35;3,24
92;29/09/2025;05/10/2025;61;3,88
93;06/10/2025;12/10/2025;32;3,85
94;13/10/2025;19/10/2025;54;2,78
95;20/10/2025;26/10/2025;53;4,13
96;27/10/2025;02/11/2025;53;5,38
97;03/11/2025;09/11/2025;41;3,97
98;10/11/2025;16/11/2025;51;4,07
99;17/11/2025;23/11/2025;35;3,36
100;24/11/2025;30/11/2025;43;2,65
101;01/12/2025;07/12/2025;39;2,76
102;08/12/2025;14/12/2025;45;3,13
103;15/12/2025;21/12/2025;40;3,46
104;22/12/2025;28/12/2025;32;3,46
105;29/12/2025;31/12/2025;18;2,31
